ICICI Pru Asset : Contra Strategy,Consistent Compounders
Valuequest Investment : Vision,Consistent Compounders
Birla Sun Life : Select Sector Portfolio,Consistent Compounders
Stallion Asset : Core Fund,Consistent Compounders
Buoyant Capital : Opportunities Scheme,Consistent Compounders
Aequitas Investment : India Opportunities Product,Consistent Compounders
iThought Financial : Alpha,Consistent Compounders
iThought Financial : PMS Sphere,Consistent Compounders
Sameeksha Capital : India Equity Fund,Consistent Compounders
Incred Asset Management : Healthcare Portfolio,Consistent Compounders
Negen Capital Services : Special Situations and Technology Fund,Consistent Compounders
Green Lantern Capital : Growth Fund,Consistent Compounders
Bhana Equity : Bea India Growth Fund,Consistent Compounders
Bhana Equity : Bea Specialised Portfolio,Consistent Compounders
Counter Cyclical : DIVERSIFIED LONG TERM VALUE,Consistent Compounders
Burman Capital Management : Unicorn Portfolio,Consistent Compounders
Equitree Capital : Emerging Opportunities,Consistent Compounders
Astute Investment Management : Multiplier,Consistent Compounders
IIFL Asset Management : Phoenix Portfolio,Top Grossers
ICICI Pru Asset : Infrastructure Strategy,Top Grossers
Unifi Capital : APJ 20,Top Grossers
Quantum Advisors : Value Equity Strategy - Constrained V,Top Grossers
Abakkus Asset Manager : Emerging Opportunities Approach,Top Grossers
Valuequest Investment : Vision,Top Grossers
Enam Asset : India Core Equity,Top Grossers
Dezerv Investments : Alpha Equity Strategy,Top Grossers
Karma Capital : Wealth Builder,Top Grossers
Brain Point Investment : Future Winners,Top Grossers
Birla Sun Life : Select Sector Portfolio,Top Grossers
Alchemy Capital : Select Stock,Top Grossers
Banyan Tree : Growth At Reasonable Price,Top Grossers
WhiteOak Capital Asset : India Select Equity Portfolio,Top Grossers
Stallion Asset : Core Fund,Top Grossers
Buoyant Capital : Opportunities Scheme,Top Grossers
Laburnum Capital : Relative Value Approach,Top Grossers
Sageone Investment : Mid and Small Cap,Top Grossers
SBI Funds Management : Aeon Alpha Portfolio,Top Grossers
NJ Asset : Multicap Portfolio Equity Strategy,Top Grossers
Oaklane Capital : Bespoke,Top Grossers
Clubmillionaire Financial : All Star Portfolio,Top Grossers
Bellwether Capital : Long Term Growth,Top Grossers
IIFL Asset Management : Phoenix Portfolio,Sector Leaders
ICICI Pru Asset : India Recovery Strategy,Sector Leaders
Motilal Oswal Asset : Focused Opportunities Strategy,Sector Leaders
Aditya Birla Money : Core And Satellite Portfolio Scheme 1,Sector Leaders
Axis Securities : Contrarian,Sector Leaders
JM Financial : Opportunistic,Sector Leaders
Nippon Life India : Emerging India Portfolio Systematic Rebalancing Option,Sector Leaders
Birla Sun Life : Select Sector Portfolio,Sector Leaders
Kotak Mahindra Asset : Pharma And Healthcare,Sector Leaders
NJ Asset : Multicap Portfolio Equity Strategy,Sector Leaders
HSBC Asset Management : India Next Portfolio,Sector Leaders
Sundaram Alternate : Voyager,Sector Leaders
Ambit Investment : Emerging Giants Small Cap Portfolio,Sector Leaders
Motilal Oswal Wealth : Delphi 4C Advantage Portfolio,Sector Leaders
Incred Asset Management : Healthcare Portfolio,Sector Leaders
SBI Funds Management : Sunrise Silver,Sector Leaders
Ambit Wealth : Alpha Growth Portfolio,Sector Leaders
HDFC Asset Management : Diversified Portfolio - Equity,Sector Leaders
ICICI Securities : Isec Momentum Quality Dynamic Advantage Portfolio,Sector Leaders
IIFL Wealth Portfolio : Managed Solutions Global Equity,Sector Leaders
Invesco Asset Management : Challengers Portfolio,Sector Leaders
Quantum Advisors : Value Equity Strategy - Constrained V,Elite Fund Managers
Stallion Asset : Core Fund,Elite Fund Managers
Buoyant Capital : Opportunities Scheme,Elite Fund Managers
Alchemy Capital : Select Stock,Elite Fund Managers
Sageone Investment : Mid and Small Cap,Elite Fund Managers
Bellwether Capital : Long Term Growth,Elite Fund Managers
Sameeksha Capital : India Equity Fund,Elite Fund Managers
Unique Asset : Strategic Fund,Elite Fund Managers
Helios Capital Management : Rising,Elite Fund Managers
Old Bridge : All Cap,Elite Fund Managers
Abakkus Asset Manager : Personalised Opportunity Specific Strategy,Elite Fund Managers
Quest Investment : Multi,Elite Fund Managers
Sahasrar Capital : Concentrated Growth Portfolio,Elite Fund Managers
Valuequest Investment : Vision,Elite Fund Managers
Unifi Capital : APJ 20,Elite Fund Managers
iThought Financial : PMS Sphere,Elite Fund Managers
Laburnum Capital : Relative Value Approach,Elite Fund Managers
AlfAccurate Advisors : Budding Beasts Equity,Elite Fund Managers
Samvitti Capital : ActiveAlphaMC,Elite Fund Managers
Emkay Investment : EIML Capital,Elite Fund Managers
Multi-Act Equity : Mid And Small Cap And Special Situations Portfolio,Elite Fund Managers
Marathon Trends : Mega Trends Multicap - Growth,Elite Fund Managers
Right Horizons : Rhpmpl Rhi Underserved Portfolio,Elite Fund Managers
Capitalmind : Surge India,Elite Fund Managers
Wallfort PMS : Diversified,Rising Stars
Astute Investment Management : Multiplier,Rising Stars
Badjate Stock : Aggressive,Rising Stars
Asit C. Mehta : Ace Multicap,Rising Stars
Shepherds Hill : Value Magno,Rising Stars
Seers Fund : Enduring Portfolio,Rising Stars
Moneybee Securities : Queenbee,Rising Stars
DGS Capital Management : X,Rising Stars
JHP Securities : Incredible India,Rising Stars
Banyan Capital : Yield Plus,Rising Stars
Bonanza Portfolio : Edge,Rising Stars
Zen Wealth : Emerging Opportunities Strategy,Rising Stars
Moneylife Advisory : Mas Growth,Rising Stars
Infinity Alternatives : A5,Rising Stars
Hem Securities : India Rising SME Stars,Rising Stars
Prescientcap Investment : X,Rising Stars